слаг,назва_uk,назва_ru,категорія,знайдено_на,точність_категорії
boks-1000-ml-kraftbilij-1409065-mm,"Бокс 1000 мл, крафт/білий 140*90*65 мм","Бокс 1000 мл, крафт/белый140*90*65 мм",lanch-boksy,/catalog/Lanch-box,з категорії
boks-1200-ml-kraftbilij-18012050-mm,"Бокс 1200 мл, крафт/білий 180*120*50 мм","Бокс 1200 мл, крафт/белый180*120*50 мм",lanch-boksy,/catalog/Lanch-box,з категорії
boks-2100-ml-kraftbilij-21515048-mm,"Бокс 2100 мл, крафт/білий 215*150*48 мм","Бокс 2100 мл, крафт/белый 215*150*48 мм",lanch-boksy,/catalog/Lanch-box,з категорії
boks-500-ml-kraftbilij-1358540-mm,"Бокс 500 мл, крафт/білий 135*85*40 мм","Бокс 500 мл, крафт/белый135*85*40",lanch-boksy,/catalog/Lanch-box,з категорії
boks-750-ml-kraftbilij-15010045-mm,"Бокс 750 мл, крафт/білий 150*100*45 мм","Бокс 750 мл, крафт/белый150*100*45 мм",lanch-boksy,/catalog/Lanch-box,з категорії
boks-kraft-1000-ml-1409065-mm,Бокс KRAFT 1000 мл 140*90*65 мм,Бокс KRAFT 1000 мл 140*90*65 мм,lanch-boksy,/catalog/Lanch-box,з категорії
boks-kraft-1200-ml-18012050-mm-z-plastikovoyu-krishkoyu,Бокс KRAFT 1200 мл 180*120*50 мм,Бокс KRAFT 1200 мл 180*120*50 мм с пластиковой крышкой,lanch-boksy,/catalog/Lanch-box,з категорії
boks-kraft-2100-ml-21515048-mm-z-plastikovoyu-krishkoyu,Бокс KRAFT 2100 мл 215*150*48 мм,Бокс KRAFT 2100 мл 215*150*48 мм с пластиковой крышкой,lanch-boksy,/catalog/Lanch-box,з категорії
boks-kraft-500-ml-1358540-mm-z-plastikovoyu-krishkoyu,Бокс KRAFT 500 мл 135*85*40 мм,Бокс KRAFT 500 мл 135*85*40 мм с пластиковой крышкой,lanch-boksy,/catalog/Lanch-box,з категорії
boks-kraft-750-ml-15010045-mm-z-plastikovoyu-krishkoyu,Бокс KRAFT 750 мл 150*100*45 мм,Бокс KRAFT 750 мл 150*100*45 мм с пластиковой крышкой,lanch-boksy,/catalog/Lanch-box,з категорії
boks-kraft-c-oknom-1200-ml-20013850-mm,Бокс KRAFT з вікном 1600 мл 210*155*60 мм,Бокс KRAFT с окном 1200 мл 200*138*50 мм,,/all-products/page-all,зі списку всіх товарів
boks-kraft-z-viknom-1200-ml-20014050-mm,Бокс KRAFT з вікном 1200 мл 200*140*50 мм,Бокс KRAFT с окном 1200 мл 200*140*50 мм,,/all-products/page-all,зі списку всіх товарів
boks-kraft-z-viknom-500-ml-15010039-mm,Бокс KRAFT з вікном 500 мл 150*100*39 мм,Бокс KRAFT с окном 500 мл 150*100*39 мм,,/all-products/page-all,зі списку всіх товарів
boks-kraft-z-viknom-700-ml-16811845-mm,Бокс KRAFT з вікном 700 мл 168*118*45 мм,Бокс KRAFT с окном 700 мл 168*118*45 мм,,/all-products/page-all,зі списку всіх товарів
boks-kraft-z-viknom-900-ml-18813547-mm,Бокс KRAFT з вікном 900 мл 188*135*47 мм,Бокс KRAFT c окном 900 мл 188*135*47 мм,,/all-products/page-all,зі списку всіх товарів
calatnitsya-750-ml-kraft--145-mm-bilijkraft,"Салатниця 750 мл KRAFT / 145 мм 1РЕ, крафт/білий",Cалатница KRAFT 750 мл / 145 мм белый/крафт,salatnyky,/catalog/salatnik-z-plastikovoyu-krishkoyu,з категорії
calatnitsya-kraft-1000-ml--187-mm-bilijkraft,"Салатниця 1000 мл / 187 мм 2РЕ, крафт/білий",Cалатница 1000 мл / 187 мм белый/крафт 2РЕ,salatnyky,/catalog/salatnik-z-plastikovoyu-krishkoyu,з категорії
calatnitsya-kraft-1000ml-z-plastikovoyu-krishkoyu,"Салатниця 1000 мл KRAFT / 187 мм, 1РЕ",Салатница KRAFT 1000мл,salatnyky,/catalog/salatnik-z-plastikovoyu-krishkoyu,з категорії
calatnitsya-kraft-1350-ml--187-mm-bilijkraft,"Салатниця KRAFT 1350 мл / 187 мм 1РЕ, крафт/білий",Cалатница KRAFT 1350 мл / 187 мм белый/крафт,,/all-products/page-4,зі списку всіх товарів
calatnitsya-kraft-550-ml--142-mm-bilijkraft-z-krishkoyu,"Салатниця 550 мл / Ø 142 мм 1РЕ, крафт/білий (50/400)","Салатник 550 мл / Ø 142 мм 1РЕ, крафт/белый (50/400)",,/catalog/stolovij-posud,була група stolovij-posud
derzhatel-dlya-2-stakanov-22080175-mm,"Тримач на 2-а стакана, 220*80*175 мм (240)","Держатель для 2 стаканов, 220*80*175 мм",trymachi-dlya-stakaniv,/catalog/trimachi,з категорії
desertnitsya-pet-240-ml----95-mm-501000,"Десертниця PET 240 мл , / Ø 95 мм (50/1000)",Десертниця eco PET PREMIUM 250 мл,,/catalog/stakani-pet,була група stakani-pet
filtr-paket-serednij-bez-kartonnoi-korobki,"Фільтр пакет СЕРЕДНІЙ, без картонної коробки","Фильтр пакет СРЕДНИЙ, без картонной коробке",,/catalog/suputni-tovari,була група suputni-tovari
filtr-paket-serednij-v-kartonnij-korobtsi,Фільтр пакет СЕРЕДНІЙ в картонній коробці,Фильтр пакет СРЕДНИЙ в картонной коробке,,/catalog/suputni-tovari,була група suputni-tovari
filtr-paket-velikij-v-kartonnij-korobtsi,Фільтр пакет ВЕЛИКИЙ в картонній коробці,Фильтр пакет БОЛЬШОЙ в картонной коробке,,/catalog/suputni-tovari,була група suputni-tovari
kontejner-18012080-mm-samozbirnij-1re,Контейнер 180*120*80 мм самозбірний 1РЕ,Контейнер 180*120*80 мм самозбірний 1РЕ,lanch-boksy,/catalog/Lanch-box,з категорії
kontejner-bumazhnyj-1350-ml-dlya-salata-i-drugih-blyud-chernyjkraft,"Контейнер паперовий 1350 мл для салату та других страв /187 мм 1РЕ, чорний/крафт","Контейнер бумажный 1350 мл для салата и других блюд, черный/крафт",,/all-products/page-4,зі списку всіх товарів
kontejner-bumazhnyj-550-ml-dlya-salata-i-drugih-blyud-chpernyj,"Контейнер паперовий 550 мл / Ø 142 мм 2РЕ, чорний (50/400)","Контейнер бумажный 550 мл / Ø 142 мм 2РЕ, чорний (50/400)",,/catalog/stolovij-posud,була група stolovij-posud
kontejner-iz-alyuminievoj-folgi-pryamougolnyj-14512058-mm-590-ml-100-shtup,Контейнер з алюмінієвої фольги прямокутний 145*120*58 мм (590 мл) 100 шт/уп,Контейнер из алюминиевой фольги прямоугольный 145*120*58 мм (590 мл) 100 шт/уп,,/,з головної
kontejner-iz-alyuminievoj-folgi-pryamougolnyj-19014030-mm-650-ml-1251000,"Контейнер з алюмінієвої фольги прямокутний 190*140*30 мм (650 мл), 125/1000","Контейнер из алюминиевой фольги прямоугольный 190*140*30 мм (650 мл), 125/1000",,/all-products,зі списку всіх товарів
kontejner-iz-alyuminievoj-folgi-pryamougolnyj-21615255-mm-1300-ml-100-shtup,Контейнер з алюмінієвої фольги прямокутний 216*152*55 мм (1300 мл) 100 шт/уп,Контейнер из алюминиевой фольги прямоугольный 216*152*55 мм (1300 мл) 100 шт/уп,,/all-products,зі списку всіх товарів
kontejner-iz-alyuminievoj-folgi-pryamougolnyj-r14l-21811355-mm-1000ml-100-shtup,"Контейнер з алюмінієвої фольги прямокутний R14L 218*113*55 мм (1000мл), 100 шт/уп","Контейнер из алюминиевой фольги прямоугольный R14L 218*113*55 мм (1000мл), 100 шт/уп",,/all-products,зі списку всіх товарів
kontejner-iz-alyuminievoj-folgi-pryamougolnyj-r26l-21615243-mm-980-ml-100-shtup,Контейнер з алюмінієвої фольги прямокутний R26L 216*152*43 мм (980 мл) 100 шт/уп,Контейнер из алюминиевой фольги прямоугольный R26L 216*152*43 мм (980 мл) 100 шт/уп,,/all-products,зі списку всіх товарів
kontejner-iz-alyuminievoj-folgi-pryamougolnyj-r46l-14512040-mm-470-ml-100-shtup,Контейнер з алюмінієвої фольги прямокутний R46L 145*120*40 мм (470 мл) 100 шт/уп,Контейнер из алюминиевой фольги прямоугольный R46L 145*120*40 мм (470 мл) 100 шт/уп,,/,з головної
kontejner-iz-alyuminievoj-folgi-pryamougolnyj-r64l-24017056-mm-2000-ml-100-shtup,"Контейнер з алюмінієвої фольги прямокутний R64L 240*170*56 мм (2000 мл), 100 шт/уп","Контейнер из алюминиевой фольги прямоугольный R64L 240*170*56 мм (2000 мл), 100 шт/уп",,/all-products,зі списку всіх товарів
kontejner-paperovij-470-ml-dlya-supu-ta-drugih-strav-chornij,"Супник паперовий 470 мл / 110 мм 2РЕ, чорний-білий","Супник бумажный 470 мл для супа и вторых блюд с РР крышкой , черный-белый",supnyky,/catalog/supnik,з категорії
kontejner-paperovij-550-ml-dlya-salatu-ta-drugih-strav-chornij,"Контейнер паперовий 550 мл / Ø 142 мм 1РЕ, чорний/крафт (50/400)","Контейнер бумажный 550 мл / Ø 142 мм 1РЕ, чорний/крафт (50/400)",,/catalog/stolovij-posud,була група stolovij-posud
kontejner-paperovij-750-ml-dlya-salatu-ta-drugih-strav,"Контейнер паперовий 750 мл для салату та других страв / 145 мм 2РЕ, чорний",Контейнер бумажный 750 мл для салата и других блюд черный,salatnyky,/catalog/salatnik-z-plastikovoyu-krishkoyu,з категорії
kontejner-paperovij-750-ml-dlya-salatu-ta-drugih-strav-chornijkraft,"Контейнер паперовий 750 мл для салату та других страв / 145 мм 1РЕ, чорний/крафт",Контейнер бумажный 750 мл для салата та других блюд черный/крафт,salatnyky,/catalog/salatnik-z-plastikovoyu-krishkoyu,з категорії
korobka-18012080-mm-samosbornaya-belaya-100500,"Коробка 180*120*80 мм самозбірна, біла (100/500)","Коробка 180*120*80 мм самосборная, белая (100/500)",lanch-boksy,/catalog/Lanch-box,з категорії
korobka-18012080-mm-samozbirna,Коробка 180*120*80 мм самозбірна,Коробка 180*120*80 мм самозбірна,lanch-boksy,/catalog/Lanch-box,з категорії
korobka-18012080-mm-samozbirna-bila-100500,"Коробка 180*120*80 мм самозбірна, біла (100/500)","Коробка 180*120*80 мм самозбірна, біла (100/500)",lanch-boksy,/catalog/Lanch-box,з категорії
korobka-dlya-hachapuri-i-kaltsone-328h165h38-mm-kraft,"Коробка для хачапурі та кальцоне 328х165х38 мм, KRAFT","Коробка для хачапури и кальцоне 328х165х38 мм, KRAFT",,/catalog/upakovka-dlya-fast-fudu,була група upakovka-dlya-fast-fudu
korobka-dlya-lapshi-500-ml-1re--90-mmh-118-mm,Коробка для локшини 750 мл 2РЕ 90 мм / h 95 мм,Коробка для лапши 500 мл 1РЭ ø 90 мм/h 118 мм,upakovka-dlya-sushi-ta-vok,/catalog/korobka-dlya-sushi-shidnoi-kuhni,з категорії
korobka-dlya-lapshi-500-ml-2pe-chernaya,Коробка для локшини 500 мл 2РЕ 82 мм / h 90 мм чорна,Коробка для лапши 500 мл 2РЕ ø 82 мм / h 90 мм черная,upakovka-dlya-sushi-ta-vok,/catalog/korobka-dlya-sushi-shidnoi-kuhni,з категорії
korobka-dlya-lapshi-500-ml-2re--82-mm--h-90-mm-chernaya,Коробка для локшини 750 мл 2РЕ 95 мм / h 95 мм чорна,Коробка для лапши 750 мл 2РЕ ø 95 мм / h 95 мм черная,upakovka-dlya-sushi-ta-vok,/catalog/korobka-dlya-sushi-shidnoi-kuhni,з категорії
korobka-dlya-lapshi-500-ml-500-ml-1re--82-mm--h-90-mm,Коробка для локшини 500 мл 1РЕ 82 мм / h 90 мм,Коробка для лапши 500 мл 1РЕ ø 82 мм / h 90 мм,,/,з головної
korobka-dlya-lokshini-500-ml-1re--90-mm--h-90-mm,"Коробка для локшини 500 мл 1РЕ 90 мм / h 90 мм, біла",Коробка для лапши 500 мл 1РЭ ø 90 мм/h 90 мм,upakovka-dlya-sushi-ta-vok,/catalog/korobka-dlya-sushi-shidnoi-kuhni,з категорії
korobka-dlya-lokshini-500-ml-1re-82-mm--h-90-mm,"Коробка для локшини 500 мл 1РЕ 82 мм / h 90 мм, крафт","Коробка для лапши 500 мл 1РЕ ø 82 мм / h 90 мм, крафт-белый",upakovka-dlya-sushi-ta-vok,/catalog/korobka-dlya-sushi-shidnoi-kuhni,з категорії
korobka-dlya-lokshini-500-ml-2re--82-mm--h-90,"Коробка для локшини 500 мл 2РЕ 82 мм / h 90 мм, біла",Коробка для лапши 500 мл 2РЕ ø 82 мм / h 90 мм,upakovka-dlya-sushi-ta-vok,/catalog/korobka-dlya-sushi-shidnoi-kuhni,з категорії
korobka-dlya-lokshini-600-ml-1re,Коробка для локшини 600 мл 1РЕ,Коробка для лапши 600 мл 1РЕ,upakovka-dlya-sushi-ta-vok,/catalog/korobka-dlya-sushi-shidnoi-kuhni,з категорії
korobka-dlya-lokshini-750-ml-1re-d-95-mm--h-95-mm-kraft-bilij,"Коробка для локшини 750 мл 1РЕ d 95 мм / h 95 мм, крафт-білий","Коробка для лапши 750 мл 1РЕ ø 95 мм / h 95 мм, крафт-белый",upakovka-dlya-sushi-ta-vok,/catalog/korobka-dlya-sushi-shidnoi-kuhni,з категорії
korobka-dlya-nagetsiv-i-sushi-1308848-chorna,"Коробка для нагетсів і суші 130*88*48 мм, чорна",Коробка для нагетсов и суши 130*88*48 черная,upakovka-dlya-sushi-ta-vok,/catalog/korobka-dlya-sushi-shidnoi-kuhni,з категорії
korobka-dlya-nagetsiv-i-sushi-1308848-kraft,"Коробка для нагетсів і суші 130*88*48 мм, крафт",Коробка для нагетсов и суши 130*88*48 крафт,upakovka-dlya-sushi-ta-vok,/catalog/korobka-dlya-sushi-shidnoi-kuhni,з категорії
korobka-dlya-nagetsov-i-sushi-16510558-chernaya,"Коробка для нагетсів і суші 165*105*58 мм, чорна",Коробка для нагетсов и суши 165*105*58 черная,upakovka-dlya-sushi-ta-vok,/catalog/korobka-dlya-sushi-shidnoi-kuhni,з категорії
korobka-dlya-nagetsov-i-sushi-16510558-kraft,"Коробка для нагетсів і суші 165*105*58 мм, крафт",Коробка для нагетсов и суши 165*105*58 крафт,upakovka-dlya-sushi-ta-vok,/catalog/korobka-dlya-sushi-shidnoi-kuhni,з категорії
korobka-dlya-pitsi-30030040-kraft,"Коробка для піци 300*300*40 мм, KRAFT",Коробка для пиццы 300*300*40 KRAFT,,/catalog/upakovka-dlya-fast-fudu,була група upakovka-dlya-fast-fudu
korobka-dlya-pitsi-32032040-bila,"Коробка для піци 320*320*40 мм, біла",Коробка для пиццы 320*320*40 белая,korobky-dlya-pitsy,/catalog/korobka-dlya-pitsi,з категорії
korobka-dlya-pitsi-32032040-kraft,Коробка для піци 320*320*40 KRAFT,Коробка для пиццы KRAFT 320*320*40,korobky-dlya-pitsy,/catalog/korobka-dlya-pitsi,з категорії
korobka-dlya-pitsi-35035040-kraft,Коробка для піци 350*350*40 KRAFT,Коробка для пиццы KRAFT 350*350*40,korobky-dlya-pitsy,/catalog/korobka-dlya-pitsi,з категорії
korobka-dlya-pitsi-40040040-bila,"Коробка для піци 400*400*40 мм, біла",Коробка для пиццы 400*400*40 белая,korobky-dlya-pitsy,/catalog/korobka-dlya-pitsi,з категорії
korobka-dlya-pitsi-40040040-kraft,Коробка для піци 400*400*40 KRAFT,Коробка для пиццы 400*400*40 KRAFT,korobky-dlya-pitsy,/catalog/korobka-dlya-pitsi,з категорії
korobka-dlya-pitsi-41041045-bila,"Коробка для піци 410*410*45 мм, біла",Коробка для пиццы 410*410*45 белая,korobky-dlya-pitsy,/catalog/korobka-dlya-pitsi,з категорії
korobka-dlya-pitsi-41041045-kraft,Коробка для піци 410*410*45 KRAFT,Коробка для пиццы 410*410*45 KRAFT,korobky-dlya-pitsy,/catalog/korobka-dlya-pitsi,з категорії
korobka-dlya-pitsi-45045045-bila,Коробка для піци 450*450*45 біла,Коробка для пиццы 450*450*45 белая,korobky-dlya-pitsy,/catalog/korobka-dlya-pitsi,з категорії
korobka-dlya-pitsi-45045045-kraft,Коробка для піци 450*450*45 KRAFT,Коробка для пиццы 400*400*40 KRAFT,korobky-dlya-pitsy,/catalog/korobka-dlya-pitsi,з категорії
korobka-dlya-pitsi-kraft-30030040-bila,"Коробка для піци 300*300*40 мм, біла",Коробка для пиццы 300*300*40 белая,korobky-dlya-pitsy,/catalog/korobka-dlya-pitsi,з категорії
korobka-dlya-pitsi-kraft-50050040,Коробка для піци KRAFT 500*500*40,Коробка для пиццы KRAFT 500*500*40,korobky-dlya-pitsy,/catalog/korobka-dlya-pitsi,з категорії
korobka-dlya-pitsi-kraft-50050040-bila,Коробка для піци KRAFT 500*500*40 біла,Коробка для пиццы KRAFT 500*500*40 белая,korobky-dlya-pitsy,/catalog/korobka-dlya-pitsi,з категорії
korobka-dlya-pitstsy-kraft-35035040-belaya,"Коробка для піци 350*350*40 мм, біла",Коробка для пиццы 350*350*40 белая,korobky-dlya-pitsy,/catalog/korobka-dlya-pitsi,з категорії
krishka-bila-st-90,Кришка біла ST 90,Крышка ST 90 белая,kryshky-dlya-stakaniv,/catalog/krishki-dlya-stakaniv,з категорії
krishka-bila-st-91,Кришка біла ST 91,Крышка белая ST 91,kryshky-dlya-stakaniv,/catalog/krishki-dlya-stakaniv,з категорії
krishka-chorna-st-90,Кришка чорна ST 90,Крышка черная ST 90,kryshky-dlya-stakaniv,/catalog/krishki-dlya-stakaniv,з категорії
krishka-chorna-st-91,Кришка чорна ST 91,Крышка черная ST 91,kryshky-dlya-stakaniv,/catalog/krishki-dlya-stakaniv,з категорії
krishka-dlya-supnika-240360-ml-prozora-pp--91-mm-50750,"Кришка прозора PP, Ø 91 мм (50/750)","Крышка прозрачная PP, Ø 91 мм (50/750)",,/catalog/stolovij-posud,була група stolovij-posud
krishka-kartonfolga-do-kontejneru-r14l-218113-mm-1000ml-100-shtup,"Кришка (картон/фольга) до контейнеру R14L 218*113 мм (1000мл), 100 шт/уп","Крышка (картон/фольга) для контейнера R14L 218*113 мм (1000мл), 100 шт/уп",,/all-products,зі списку всіх товарів
krishka-kraft-170120-mm,Кришка KRAFT 170*120 мм,Крышка KRAFT 170*120 мм,,/all-products/page-5,зі списку всіх товарів
krishka-kupol-pet--95-mm-bez-otvoru--1001000,Кришка купол PET Ø 95 мм без отвору / (100/1000),Крышка купол PET 95 мм без отверстия,,/catalog/stakani-pet,була група stakani-pet
krishka-kupol-pet--95-mm-z-otvorom--1001000,Кришка купол PET Ø 95 мм з отвором / (100/1000),Крышка купол PET 95 мм с отверстием,,/catalog/stakani-pet,була група stakani-pet
krishka-lid175-black,Кришка чорна ST 69,Крышка черная ST 69,kryshky-dlya-stakaniv,/catalog/krishki-dlya-stakaniv,з категорії
krishka-lid175w,Кришка біла ST 69,Крышка белая ST 69,kryshky-dlya-stakaniv,/catalog/krishki-dlya-stakaniv,з категорії
krishka-lid185-_wite,Кришка біла ST 72,Крышка белая ST 72,kryshky-dlya-stakaniv,/catalog/krishki-dlya-stakaniv,з категорії
krishka-lid185-chorna,Кришка чорна ST 72,Крышка черная ST 72,kryshky-dlya-stakaniv,/catalog/krishki-dlya-stakaniv,з категорії
krishka-lid185-kraft-double-wall-bila,Кришка чорна ST 73,Крышка черная ST 73,kryshky-dlya-stakaniv,/catalog/krishki-dlya-stakaniv,з категорії
krishka-lid185-kraft-double-wall_wite,Кришка біла ST 73,"Крышка ""Lid185 Kraft Double Wall"" белая",kryshky-dlya-stakaniv,/catalog/krishki-dlya-stakaniv,з категорії
krishka-lid250-bila-ec,Кришка біла ST 75,Крышка белая ST 75,kryshky-dlya-stakaniv,/catalog/krishki-dlya-stakaniv,з категорії
krishka-lid250-chorna-ec,Кришка чорна ST 75,Крышка черная ST 75,kryshky-dlya-stakaniv,/catalog/krishki-dlya-stakaniv,з категорії
krishka-lid270-black,Кришка чорна ST 79,Крышка черная ST 79,kryshky-dlya-stakaniv,/catalog/krishki-dlya-stakaniv,з категорії
krishka-lid270-wite,Кришка біла ST 79,"Крышка ""Lid270"" белая",kryshky-dlya-stakaniv,/catalog/krishki-dlya-stakaniv,з категорії
krishka-lid340_black,Кришка чорна ST 80,Крышка черная ST 80,kryshky-dlya-stakaniv,/catalog/krishki-dlya-stakaniv,з категорії
krishka-lid340_wite,Кришка біла ST 80,Крышка белая ST 80,kryshky-dlya-stakaniv,/catalog/krishki-dlya-stakaniv,з категорії
krishka-napivkupolna-pet--142-mm,"Кришка напівкупольна PET, Ø 142 мм (50/400)","Крышка полукупольная PET, Ø 142 мм (50/400)",salatnyky,/catalog/salatnik-z-plastikovoyu-krishkoyu,з категорії
krishka-napivkupolna-pet--145-mm,"Кришка напівкупольна PET, Ø 145 мм","Кришка полукупольная PET, Ø 145 мм",salatnyky,/catalog/salatnik-z-plastikovoyu-krishkoyu,з категорії
krishka-napivkupolna-pet--150-mm,"Кришка напівкупольна PET, Ø 150 мм (500/500)","Кришка напівкупольна PET, Ø 150 мм (500/500)",salatnyky,/catalog/salatnik-z-plastikovoyu-krishkoyu,з категорії
krishka-napivkupolna-pet--187-mm,"Кришка напівкупольна PET, Ø 187 мм","Крышка полукупольная PET, Ø 145 мм",,/products/vilka-stolovaya-ps-180-mm-chernaya-v-individualnoj-upakovke-200-shtup,вручну
krishka-napivkupolna-pp--142-mm,"Кришка напівкупольна PP, Ø 142 мм (50/400)","Крышка полукупольная PP, Ø 142 мм (50/400)",salatnyky,/catalog/salatnik-z-plastikovoyu-krishkoyu,з категорії
krishka-napivkupolna-pp--145-mm,"Кришка напівкупольна PP, Ø 145 мм","Крышка полукупольная PP, Ø 145 мм",salatnyky,/catalog/salatnik-z-plastikovoyu-krishkoyu,з категорії
krishka-napivkupolna-pp--187-mm,"Кришка напівкупольна PP, Ø 187 мм","Крышка полукупольная PP, Ø 187 мм",,/all-products/page-5,зі списку всіх товарів
krishka-paperova-bila--110-mm,"Кришка паперова біла, Ø 110 мм","Крышка бумажная белая, Ø 110 мм",supnyky,/catalog/supnik,з категорії
krishka-pet-170120-mm,Кришка PET 170*120 мм,Крышка PET 170*120 мм,,/products/paket-kraft-z-kruchenimi-ruchkami-280110210,вручну
krishka-pet-plaska--95-mm-hrestik--1001000,Кришка PET пласка Ø 95 мм хрестик / (100/1000),Кришка РЕТ 95 мм крестик,,/catalog/stakani-pet,була група stakani-pet
krishka-pet-plaska--95-mm-z-nosikom--1001000,Кришка PET пласка Ø 95 мм з носиком / (100/1000),Кришка PET пласка Ø 95 мм з носиком / (50/1000),,/,з головної
krishka-pp-170120-mm,Кришка PP 170*120 мм,Крышка PP 170*120 мм,,/all-products/page-5,зі списку всіх товарів
krishka-prozora-pp--110-mm,"Кришка прозора PP, Ø 110 мм","Крышка прозрачная PP, Ø 110 мм",supnyky,/catalog/supnik,з категорії
krishka-prozrachnaya-pp--115-mm-50450,"Кришка прозора PP, Ø 115 мм (50/450)","Кришка прозрачная PP, Ø 115 мм (50/450)",supnyky,/catalog/supnik,з категорії
krishka-prozrachnaya-pp--97-mm-50750,"Кришка прозора PP, Ø 97 мм (50/750)","Кришка прозрачная PP, Ø 97 мм (50/750)",supnyky,/catalog/supnik,з категорії
krishka-ret-prozora-dlya-boksu-1200-ml,"Кришка РЕТ прозора, для боксу 1200 мл","Крышка РЕТ прозрачная, 200*140 мм",lanch-boksy,/catalog/Lanch-box,з категорії
krishka-ret-prozora-dlya-boksu-2100-ml,"Кришка РЕТ прозора, для боксу 2100 мл","Крышка РЕТ прозрачная, 240*165 мм",,/all-products/page-6,зі списку всіх товарів
krishka-ret-prozora-dlya-boksu-500-ml,"Кришка РЕТ прозора, для боксу 500 мл","Крышка РЕТ прозрачная, 160*105 мм",lanch-boksy,/catalog/Lanch-box,з категорії
krishka-ret-prozora-dlya-boksu-750-ta-1000-ml,"Кришка РЕТ прозора, для боксу 750 та 1000 мл","Крышка РЕТ прозрачная, 170*120 мм",lanch-boksy,/catalog/Lanch-box,з категорії
krishka-rp-napivprozora-dlya-boksu-1200-ml,"Кришка РP напівпрозора, для боксу 1200 мл","Крышка РP полупрозрачная, 200*140 мм",lanch-boksy,/catalog/Lanch-box,з категорії
krishka-rp-napivprozora-dlya-boksu-750-ta-1000-ml,"Кришка РP напівпрозора, для боксу 750 та 1000 мл","Крышка РP полупрозрачная, 170*120 мм",lanch-boksy,/catalog/Lanch-box,з категорії
krishka-rr-napivprozora-dlya-boksu-2100-ml,"Кришка РР напівпрозора, для боксу 2100 мл","Крышка РР полупрозрачная, 240*165 мм",,/all-products/page-all,зі списку всіх товарів
kryshka-kartonfolga-dlya-kontejnera-190140-mm-650-ml-1251000,"Кришка (картон/фольга) до контейнеру 190*140 мм (650 мл), 125/1000","Крышка (картон/фольга) для контейнера 190*140 мм (650 мл), 125/1000",,/all-products,зі списку всіх товарів
kryshka-kartonfolga-dlya-kontejnera-r26l-216152-mm-100-shtup,Кришка (картон/фольга) до контейнеру R26L 216*152 мм (100 шт/уп),Крышка (картон/фольга) для контейнера R26L 216*152 мм (100 шт/уп),,/all-products,зі списку всіх товарів
kryshka-kartonfolga-dlya-kontejnera-r46l-145120-mm-100-shtup,Кришка (картон/фольга) до контейнеру R46L 145*120 мм (100 шт/уп),Крышка (картон/фольга) для контейнера R46L 145*120 мм (100 шт/уп),,/,з головної
kryshka-kartonfolga-dlya-kontejnera-r64l-240170-mm-2000-ml-100600,"Кришка (картон/фольга) до контейнеру R64L 240*170 мм (2000 мл), 100/600","Крышка (картон/фольга) для контейнера R64L 240*170 мм (2000 мл), 100/600",,/all-products,зі списку всіх товарів
kryshka-kupol-prozrachnaya-pp--91-mm-501000,"Кришка купол прозора PP, Ø 91 мм (50/1000)","Крышка купол прозрачная PP, Ø 91 мм (50/1000)",,/catalog/stolovij-posud,була група stolovij-posud
kryshka-ret-kupol-d-90-mm,"Кришка PET купол, Ø 90 мм","Крышка РЕТ купол, d 90 мм",morozyvnytsi,/catalog/morozivnitsi,з категорії
kryshka-ret-kupol-d-90-mm_1,"Кришка PET з ложкою, Ø 90 мм","Крышка РЕТс ложечкой, d 90 мм",morozyvnytsi,/catalog/morozivnitsi,з категорії
lanch-boks-kraft-19514050-mm,Ланч-бокс KRAFT 195*140*50 мм,Ланч-бокс KRAFT 195*140*50 мм,lanch-boksy,/catalog/Lanch-box,з категорії
lanch-boks-kraft-2000-ml-21015065-mm,Ланч-бокс KRAFT 2000 мл 210*150*65 мм,Ланч-бокс KRAFT 2000 мл 210*150*65 мм,,/,з головної
lanch-boks-kraft-3000-ml-22016090-mm,Ланч-бокс KRAFT 3000 мл 220*160*90 мм,Ланч-бокс KRAFT 3000 мл 220*160*90 мм,,/,з головної
lanch-boks-kraft-900-ml-13010565-mm,Ланч-бокс KRAFT 900 мл 130*105*65 мм,Ланч-бокс KRAFT 900 мл 130*105*65 мм,,/,з головної
lanch-boks-kraft-900-ml-1859055-mm,Ланч-бокс KRAFT 900 мл 185*90*55 мм,Ланч-бокс KRAFT 900 мл 185*90*55 мм,lanch-boksy,/catalog/Lanch-box,з категорії
list-dlya-burgera-320320-mm-burij-40gm2,"Лист для бургера 320*320 мм бурий, 40г/м2","Лист для бургера 320*320 мм бурий, 40г/м2",,/catalog/upakovka-dlya-fast-fudu,була група upakovka-dlya-fast-fudu
lozhka-stolovaya-ps-180-mm-chernaya-50-shtup,"Ложка столова PS 180 мм, чорна 50 шт/уп","Ложка столовая PS 180 мм, черная 50 шт/уп",,/all-products,зі списку всіх товарів
mishalka-premium-14-sm-v-ind-upakovtsi-bereza,"Мішалка Premium 14 см в інд. упаковці, (береза)","Мешалка Premium 14 см в инд. упаковке, (береза)",,/catalog/suputni-tovari,була група suputni-tovari
mishalka-premium-18-sm-bereza,Мішалка Premium 18 см (береза),Мeшалка Premium 18 см (береза),,/catalog/suputni-tovari,була група suputni-tovari
mishalka-standart-14-sm-bereza,Мішалка Standart 14 см (береза),Мешалка Standart 14 см (береза),,/catalog/suputni-tovari,була група suputni-tovari
morozhenitsa-230-ml,Морожениця 230 мл крафт без кришки,Мороженица 230 мл белая без крышки,morozyvnytsi,/catalog/morozivnitsi,з категорії
morozhenitsya-120-ml-bila,"Морожениця 120 мл 1РЕ, біла",Мороженица 120 мл белая с крышкою бумажная,morozyvnytsi,/catalog/morozivnitsi,з категорії
morozhenitsya-120-ml-z-krishkoyu-kraft,"Морожениця 120 мл / Ø 74 мм, крафт 1РЕ","Мороженица KRAFT 90 мл с крышкой ,бумажная",morozyvnytsi,/catalog/morozivnitsi,з категорії
morozhenitsya-230-ml-bila-bez-krishki,Морожениця 230 мл біла без кришки,Мороженица 230 мл белая без крышки бумажная,morozyvnytsi,/catalog/morozivnitsi,з категорії
nabor-vilka-i-nozh-ps-180-mm-chernye-v-individualnoj-upakovke-200-shtup,"Набір (виделка та ніж) PS 180 мм чорні в індивідуальній упаковці, (200 шт/уп)","Набор (вилка и нож) PS 180 мм черные в индивідуальной упаковке, (200 шт/уп)",,/,з головної
nozh-stolovyj-ps-180-mm-chernyj-50-shtup,"Ніж столовий PS 180 мм, чорний 50 шт/уп","Нож столовый PS 180 мм, черный 50 шт/уп",,/,з головної
paket-dlya-burgera-140140-mm,Пакет для бургера 140*140 мм,Пакет для бургера 140*140 мм,,/catalog/upakovka-dlya-fast-fudu,була група upakovka-dlya-fast-fudu
paket-dlya-gamburgera-160160mm,Пакет для бургера 160*170 мм,Пакет для бургера 160*170 мм,,/,з головної
paket-kraft-280115210,Пакет KRAFT 280*115*210 мм,Пакет KRAFT 280*115*210 мм,,/catalog/paketi-paperovi,була група paketi-paperovi
paket-kraft-280120170,Пакет KRAFT 280*120*170 мм,Пакет KRAFT 280*120*170 мм,,/catalog/paketi-paperovi,була група paketi-paperovi
paket-kraft-350150260,Пакет KRAFT 350*150*260 мм,Пакет KRAFT 350*150*260 мм,,/,з головної
paket-kraft-350150320,Пакет KRAFT 350*150*320 мм,Пакет KRAFT 350*150*320 мм,,/catalog/paketi-paperovi,була група paketi-paperovi
paket-kraft-380200290-mm,Пакет KRAFT 380*200*290 мм,Пакет KRAFT 380*200*290 мм,,/catalog/paketi-paperovi,була група paketi-paperovi
paket-kraft-420140280,Пакет KRAFT 420*140*280 мм,Пакет KRAFT 420*140*280 мм,,/catalog/paketi-paperovi,була група paketi-paperovi
paket-kraft-s-ploskimi-ruchkami-280190120,Пакет KRAFT з плоскими ручками 280*120*190 мм,Пакет KRAFT с плоскими ручками 280*190*120 мм,,/catalog/paketi-paperovi,була група paketi-paperovi
paket-kraft-z-kruchenimi-ruchkami-22085180,Пакет KRAFT з крученими ручками 220*85*180 мм,Пакет KRAFT с крученными ручками 220*85*180 мм,,/catalog/paketi-paperovi,була група paketi-paperovi
paket-kraft-z-kruchenimi-ruchkami-22090200,Пакет KRAFT з крученими ручками 220*90*200 мм,Пакет KRAFT с кручеными ручками 220*90*200 мм,,/catalog/paketi-paperovi,була група paketi-paperovi
paket-kraft-z-kruchenimi-ruchkami-240220320-mm,Пакет KRAFT з крученими ручками 240*220*320 мм,Пакет KRAFT з крученными ручками 240*220*320 мм,,/catalog/paketi-paperovi,була група paketi-paperovi
paket-kraft-z-kruchenimi-ruchkami-280110210,Пакет KRAFT з крученими ручками 280*110*210 мм,Пакет KRAFT з крученными ручками 280*110*210 мм,,/,з головної
paket-kraft-z-kruchenimi-ruchkami-280130350,Пакет KRAFT з крученими ручками 350*130*280 мм,Пакет KRAFT с витыми ручками 350*130*280 мм,,/catalog/paketi-paperovi,була група paketi-paperovi
paket-kraft-z-kruchenimi-ruchkami-290170270,Пакет KRAFT з крученими ручками 290*170*270 мм,Пакет KRAFT с витыми ручками 290*170*270 мм,,/catalog/paketi-paperovi,була група paketi-paperovi
paket-kraft-z-kruchenimi-ruchkami-300160325_1,Пакет KRAFT 300*160*325 мм,Пакет KRAFT 300*160*325 мм,,/catalog/paketi-paperovi,була група paketi-paperovi
paket-kraft-z-kruchenimi-ruchkami-350150260,Пакет KRAFT з крученими ручками 350*150*260 мм,Пакет KRAFT з крученными ручками 350*150*260 мм,,/,з головної
paket-kraft-z-kruchenimi-ruchkami-350160330,Пакет KRAFT з крученими ручками 350*160*330 мм,Пакет KRAFT с витыми ручками 350*160*330 мм,,/,з головної
paket-kraft-z-kruchenimi-ruchkami-380200290-mm,Пакет KRAFT з крученими ручками 380*200*290 мм,Пакет KRAFT с крученными ручками 380*200*290 мм,,/catalog/paketi-paperovi,була група paketi-paperovi
paket-kraft-z-kruchenimi-ruchkami-420150320,Пакет KRAFT з крученими ручками 420*150*320 мм,Пакет KRAFT с крученными ручками 420*150*320 мм,,/,з головної
paket-kraft-z-kruchenimi-ruchkami-430160370,Пакет KRAFT з крученими ручками 420*160*330 мм,Пакет KRAFT с витыми ручками 430*160*330 мм,,/catalog/paketi-paperovi,була група paketi-paperovi
paket-sashe-42gm2-23010040mm_1,Пакет саше 42г/м2 230*100*40мм,Пакет саше 42г/м2 230*100*40мм,,/catalog/paketi-paperovi,була група paketi-paperovi
paket-sashe-42gm2-23010070mm,Пакет саше 42г/м2 230*100*70 мм,Пакет саше 42г/м2 230*100*70мм,,/catalog/paketi-paperovi,була група paketi-paperovi
paket-sashe-42gm2-26012060mm_4,Пакет саше 42г/м2 260*120*60 мм,Пакет саше 42г/м2 260*120*60мм,,/catalog/paketi-paperovi,була група paketi-paperovi
paket-sashe-42gm2-28014050mm,Пакет саше 42г/м2 280*140*50 мм,Пакет саше 42г/м2 280*140*50мм,,/catalog/paketi-paperovi,була група paketi-paperovi
paket-sashe-42gm2-34018050mm,Пакет саше 42г/м2 340*180*50 мм,Пакет саше 42г/м2 340*180*50мм,,/,з головної
paket-sashe-42gm2-34020070mm,Пакет саше 42г/м2 340*220*50 мм,Пакет саше 42г/м2 340*200*70мм,,/,з головної
paket-sashe-42gm2-34025070mm_1,Пакет саше 42г/м2 350*250*70 мм,Пакет саше 42г/м2 340*250*70мм,pakety-sashe,/catalog/paket-sashe,з категорії
paket-sashe-42gm2-45010040mm,Пакет саше 42г/м2 450*100*40 мм,Пакет саше 42г/м2 450*100*40мм,pakety-sashe,/catalog/paket-sashe,з категорії
paperovi-rushniki-bili-2-h-sharovi-v-skladannya-210200-mm-150-shtup,"Паперові рушники білі 2-х шарові, V-складання 210*200 мм, 150 шт/уп","Бумажные полотенца белые 2-х слойные, V-сложение 210*200 мм, 150 шт/уп",,/,з головної
pidstavka-dlya-korobok-dlya-pitsi-ps-trinoga-h33mm,Підставка для коробок для піци PS (тринога) h=33мм,Підставка для коробок для піци PS (тринога) h=33мм,korobky-dlya-pitsy,/catalog/korobka-dlya-pitsi,з категорії
salatnitsa-990-ml--145-mm-belaya-s-kryshkoj,"Салатниця 990мл / 145 мм 1РЕ, біла",Салатница 990 мл / 145 мм белая,salatnyky,/catalog/salatnik-z-plastikovoyu-krishkoyu,з категорії
salatnitsa-kraft-1000-ml-170x120x75mm-s-pet-kryshkoj,"Салатник прямокутний KRAFT 1000 мл 170*120*75 мм, 1РЕ",Салатница KRAFT 1000 мл 170x120x75мм,,/products/salfetka-vlazhnaya-v-individualnoj-upakovke-chornoj-100600,вручну
salatnitsa-kraft-550-ml-s-pet-kryshkoj-142-mm,"Салатниця 550 мл KRAFT / Ø 142 мм, 1РЕ (50/400)","Салатник 550 мл KRAFT / Ø 142 мм, 1РЕ (50/400)",,/catalog/stolovij-posud,була група stolovij-posud
salatnitsa-kraft-990ml-s-pet-kryshkoj,"Салатниця 990 мл KRAFT / 145 мм, 1РЕ",Салатница KRAFT 990мл,salatnyky,/catalog/salatnik-z-plastikovoyu-krishkoyu,з категорії
salatnitsya-1000ml--150-mm-1re-bila-50500,"Салатниця 1000мл / 150 мм 1РЕ, біла (50/500)","Салатниця 1000мл / 150 мм 1РЕ, біла (50/500)",salatnyky,/catalog/salatnik-z-plastikovoyu-krishkoyu,з категорії
salatnitsya-1350-ml-kraft-z-pet-krishkoyu,"Салатниця 1350 мл KRAFT / 187 мм, 1РЕ",Салатница KRAFT 1350мл,salatnyky,/catalog/salatnik-z-plastikovoyu-krishkoyu,з категорії
salatnitsya-1350-ml-kraft-z-pet-krishkoyu_1,"Салатник прямокутний KRAFT 750мл 170*120*55 мм, 1РЕ",Салатница KRAFT 750мл 170x120x55мм,,/products/paket-kraft-z-kruchenimi-ruchkami-280110210,вручну
salatnitsya-500-ml-kraft--150-mm-1re-50500,"Салатниця 500 мл KRAFT / Ø 150 мм, 1РЕ (50/500)","Салатник 500 мл KRAFT/Ø 150 мм, 1РЕ (50/500)",,/catalog/stolovij-posud,була група stolovij-posud
salatnitsya-550ml--142-mm-bila-z-krishkoyu,"Салатниця 550мл / Ø142 мм 2РЕ, біла (50/400)","Салатник 550мл / Ø142 мм 2РЕ, белый (50/400)",,/catalog/stolovij-posud,була група stolovij-posud
salatnitsya-600-ml-kraft--150-mm-1re,"Салатниця 600 мл KRAFT / 150 мм, 1РЕ (500/500)","Салатниця 600 мл KRAFT / 150 мм, 1РЕ (500/500)",salatnyky,/catalog/salatnik-z-plastikovoyu-krishkoyu,з категорії
salatnitsya-600ml--150-mm-1re-bila-50500,"Салатниця 600мл / 150 мм 1РЕ, біла (50/500)","Салатниця 600мл / 150 мм 2РЕ, біла (500/500)",salatnyky,/catalog/salatnik-z-plastikovoyu-krishkoyu,з категорії
salatnitsya-750ml--145-mm-bila,"Салатниця 750мл / 145 мм 2РЕ, біла",Салатница 750 мл / 145 мм белая,salatnyky,/catalog/salatnik-z-plastikovoyu-krishkoyu,з категорії
salatnitsya-750ml-kraft-z-pet-krishkoyu-145-mm,"Салатниця 750мл KRAFT / 145 мм, 1РЕ",Салатница KRAFT 750 мл,salatnyky,/catalog/salatnik-z-plastikovoyu-krishkoyu,з категорії
salfetka-vlazhnaya-v-individualnoj-upakovke-beloj-100600,Серветка волога в індивідуальній упаковці білій (100/600),Салфетка влажная в индивидуальной упаковке белой (100/600),,/catalog/suputni-tovari,була група suputni-tovari
salfetka-vlazhnaya-v-individualnoj-upakovke-chornoj-100600,Серветка волога в індивідуальній упаковці чорний(100/600),Салфетка влажная в индивидуальной упаковке чорной (100/600),,/all-products,зі списку всіх товарів
servetka-barna,Серветка паперова двошарова барна біла 220*220 мм (500/5000),Салфетка бумажная двухслойная барная белая 220*220 мм (500/5000),,/,з головної
sousnik-rr-s-otkidnoj-kryshkoj-45-ml,"Соусник РР з відкидною кришкою, 45 мл","Соусник РР с откидной крышкой, 45 мл",tarilky-ta-sousnyky,/catalog/tarilka-pryamokutna,з категорії
sousnik-rr-z-vidkidnoyu-krishkoyu-120-ml,"Соусник РР з відкидною кришкою, 120 мл","Соусник РР с откидной крышкой, 120 мл",tarilky-ta-sousnyky,/catalog/tarilka-pryamokutna,з категорії
sousnik-rr-z-vidkidnoyu-krishkoyu-80-ml,"Соусник РР з відкидною кришкою, 80 мл","Соусник РР с откидной крышкой, 80 мл",tarilky-ta-sousnyky,/catalog/tarilka-pryamokutna,з категорії
sousnik-rr-z-vidkidnoyu-krishkoyu30-ml,"Соусник РР з відкидною кришкою, 30 мл","Соусник РР с откидной крышкой, 30 мл",tarilky-ta-sousnyky,/catalog/tarilka-pryamokutna,з категорії
stakan-dlya-vendingu-185-ml,Стакан для вендінгу 185 мл,Стакан для вендинга 185 мл,stakany-paperovi,/catalog/stakani-odnosharovi,з категорії
stakan-gofrirovannyj-wave-350-ml,Стакан гофрований IMPULSE 340 мл,Стакан гофрированный IMPULSE 350 мл,stakany-gofrovani,/catalog/stakani-gofrovani,з категорії
stakan-gofrovanij-impulse-110-ml,Стакан гофрований IMPULSE 110 мл,Стакан гофрированный IMPULSE 110 мл,stakany-gofrovani,/catalog/stakani-gofrovani,з категорії
stakan-gofrovanij-impulse-185-ml,Стакан гофрований IMPULSE 180 мл,Стакан гофрированный IMPULSE 180 мл,stakany-gofrovani,/catalog/stakani-gofrovani,з категорії
stakan-gofrovanij-impulse-270-ml,Стакан гофрований IMPULSE 270 мл,Стакан гофрированный IMPULSE 270 мл,stakany-gofrovani,/catalog/stakani-gofrovani,з категорії
stakan-gofrovanij-impulse-400-ml,Стакан гофрований IMPULSE 440 мл,Стакан гофрированный IMPULSE 440 мл,stakany-gofrovani,/catalog/stakani-gofrovani,з категорії
stakan-gofrovanij-wave-110-ml,Стакан гофрований WAVE 110 мл,Стакан гофрированный WAVE 110 мл,stakany-gofrovani,/catalog/stakani-gofrovani,з категорії
stakan-gofrovanij-wave-185-ml,"Стакан гофрований WAVE 180 мл, (25/1375)",Стакан гофрированный WAVE 185 мл,stakany-gofrovani,/catalog/stakani-gofrovani,з категорії
stakan-gofrovanij-wave-270-ml,Стакан гофрований WAVE 270 мл (25/1000),Стакан гофрированный WAVE 270 мл,stakany-gofrovani,/catalog/stakani-gofrovani,з категорії
stakan-gofrovanij-wave-350-ml,Стакан гофрований WAVE 340 мл (25/875),Стакан гофрированный WAVE 350 мл,stakany-gofrovani,/catalog/stakani-gofrovani,з категорії
stakan-gofrovanij-wave-400-ml,Стакан гофрований WAVE 440 мл (25/750),Стакан гофрированный WAVE 440 мл (25/750),stakany-gofrovani,/catalog/stakani-gofrovani,з категорії
stakan-kolorovij-odnosharovij-110-ml,"Стакан кольоровий, одношаровий 110 мл (50/2000)","Стакан цветной, однослойный 110 мл (50/2000)",stakany-paperovi,/catalog/stakani-paperovi,з категорії
stakan-kolorovij-odnosharovij-175-ml,"Стакан кольоровий, одношаровий 175 мл (50/2000)","Стакан цветной, однослойный 175 мл (50/2000)",stakany-paperovi,/catalog/stakani-paperovi,з категорії
stakan-kolorovij-odnosharovij-250-ml,"Стакан кольоровий, одношаровий 250 мл (50/2000)","Стакан цветной, однослойный 250 мл (50/2000)",stakany-paperovi,/catalog/stakani-paperovi,з категорії
stakan-kolorovij-odnosharovij-340-ml,"Стакан кольоровий, одношаровий 340 мл (50/1000)","Стакан цветной, однослойный 340 мл (50/1000)",stakany-paperovi,/catalog/stakani-paperovi,з категорії
stakan-kolorovij-odnosharovij-400-ml,"Стакан кольоровий, одношаровий 400 мл (50/1000)","Стакан цветной, однослойный 400 мл (50/1000)",stakany-paperovi,/catalog/stakani-paperovi,з категорії
stakan-kolorovij-odnosharovij-500-ml,"Стакан кольоровий, одношаровий 500 мл (50/1000)","Стакан цветной, однослойный 500 мл (50/1000)",stakany-paperovi,/catalog/stakani-paperovi,з категорії
stakan-kraft-dvosharovij-110-ml,"Стакан KRAFT, двошаровий 110 мл (25/1500)","Стакан KRAFT, двуслойный 110 мл (25/1500)",stakany-paperovi,/catalog/stakani-paperovi,з категорії
stakan-kraft-dvosharovij-185-ml,"Стакан KRAFT, двошаровий 180 мл (25/500)","Стакан KRAFT, двуслойный 180 мл (25/1200)",stakany-paperovi,/catalog/stakani-paperovi,з категорії
stakan-kraft-dvosharovij-270-ml_1,"Стакан KRAFT, двошаровий 270 мл (25/500)","Стакан KRAFT, двуслойный 270 мл (25/500)",stakany-dvosharovi,/catalog/stakani-dvosharovi,з категорії
stakan-kraft-dvosharovij-400-ml,"Стакан KRAFT, двошаровий 400 мл (25/500)","Стакан KRAFT, двуслойный 400 мл (25/500)",stakany-dvosharovi,/catalog/stakani-dvosharovi,з категорії
stakan-kraft-dvuslojnyj-350-ml,"Стакан KRAFT, двошаровий 340 мл (25/875)","Стакан KRAFT, двуслойный 340 мл (25/875)",stakany-dvosharovi,/catalog/stakani-dvosharovi,з категорії
stakan-kraft-odnosharovij-110-ml,"Стакан KRAFT, одношаровий 110 мл (50/4000)","Стакан KRAFT, однослойный 110 мл (50/4000)",stakany-paperovi,/catalog/stakani-paperovi,з категорії
stakan-kraft-odnosharovij-185-ml,"Стакан KRAFT, одношаровий 180 мл (50/2800)","Стакан KRAFT, однослойный 180 мл (50/2800)",stakany-paperovi,/catalog/stakani-paperovi,з категорії
stakan-kraft-odnosharovij-270-ml,"Стакан KRAFT, одношаровий 270 мл (50/1800)","Стакан KRAFT, однослойный 270 мл (50/1800)",stakany-paperovi,/catalog/stakani-paperovi,з категорії
stakan-kraft-odnosharovij-340-ml,"Стакан KRAFT, одношаровий 340 мл (50/2100)","Стакан KRAFT, однослойный 340 мл (50/2100)",stakany-paperovi,/catalog/stakani-paperovi,з категорії
stakan-kraft-odnosharovij-400-ml,"Стакан KRAFT, одношаровий 400 мл (50/1000)","Стакан KRAFT, однослойный 400 мл (50/1000)",stakany-paperovi,/catalog/stakani-paperovi,з категорії
stakan-kraft-odnosharovij-440-ml,"Стакан KRAFT, одношаровий 440 мл (30/900)","Стакан KRAFT, однослойный 440 мл (30/900)",stakany-paperovi,/catalog/stakani-paperovi,з категорії
stakan-kupolnij-ret-300-ml---95-mm-501000,"Стакан купольний РЕТ 300 мл, / Ø 95 мм (50/1000)","Стакан купольный ПЭТ 300 мл, / Ø 95 мм (50/1000)",,/catalog/stakani-pet,була група stakani-pet
stakan-kupolnij-ret-500-ml---95-mm-501000,"Стакан купольний РЕТ 500 мл, / Ø 95 мм (50/1000)",Стакан РР 500мл,,/catalog/stakani-pet,була група stakani-pet
stakan-kupolnyj-pet-400-ml---95-mm-501000,"Стакан купольний РЕТ 400 мл, / Ø 95 мм (50/1000)","Стакан купольный ПЭТ 400 мл, / Ø 95 мм (50/1000)",,/catalog/stakani-pet,була група stakani-pet
stakan-natural-odnosharovij-110-ml,"Стакан NATURAL, одношаровий 110 мл","Стакан NATURAL, однослойный 110 мл",stakany-paperovi,/catalog/stakani-paperovi,з категорії
stakan-natural-odnosharovij-185-ml,"Стакан NATURAL, одношаровий 185 мл","Стакан NATURAL, однослойный 185 мл",stakany-paperovi,/catalog/stakani-paperovi,з категорії
stakan-natural-odnosharovij-270-ml,"Стакан NATURAL, одношаровий 270 мл","Стакан NATURAL, однослойный 270 мл",stakany-paperovi,/catalog/stakani-paperovi,з категорії
stakan-natural-odnosharovij-400-ml,"Стакан NATURAL, одношаровий 400 мл","Стакан NATURAL, однослойный 400 мл",stakany-paperovi,/catalog/stakani-odnosharovi,з категорії
stakan-natural-odnosharovij-500-ml,"Стакан NATURAL, одношаровий 500 мл","Стакан NATURAL, однослойный 500 мл",stakany-paperovi,/catalog/stakani-odnosharovi,з категорії
stakan-snowy-odnosharovij-110-ml,"Стакан SNOWY, одношаровий 110 мл (50/2000)","Стакан SNOWY, однослойный 110 мл (50/2000)",stakany-paperovi,/catalog/stakani-paperovi,з категорії
stakan-snowy-odnosharovij-175-ml,"Стакан SNOWY, одношаровий 175 мл (50/2000)","Стакан SNOWY, однослойный 175 мл (50/2000)",stakany-paperovi,/catalog/stakani-paperovi,з категорії
stakan-snowy-odnosharovij-250-ml,"Стакан SNOWY, одношаровий 250 мл (50/2000)","Стакан SNOWY, однослойный 250 мл (50/2000)",stakany-paperovi,/catalog/stakani-paperovi,з категорії
stakan-snowy-odnosharovij-340-ml,"Стакан SNOWY, одношаровий 340 мл (50/1000)","Стакан SNOWY, однослойный 340 мл (50/1000)",stakany-paperovi,/catalog/stakani-paperovi,з категорії
stakan-snowy-odnosharovij-400-ml,"Стакан SNOWY, одношаровий 400 мл (50/1000)","Стакан SNOWY, однослойный 400 мл (50/1000)",stakany-paperovi,/catalog/stakani-paperovi,з категорії
stakan-snowy-odnosharovij-500-ml,"Стакан SNOWY, одношаровий 500 мл (50/1000)","Стакан SNOWY, однослойный 500 мл (50/1000)",stakany-paperovi,/catalog/stakani-paperovi,з категорії
stakani-black-double-110-ml,Стакани black Double 110 мл,Стаканы black Double 110 мл,stakany-dvosharovi,/catalog/stakani-dvosharovi,з категорії
stakani-black-double-180-ml,Стакани black Double 180 мл,Стаканы black Double 180 мл,stakany-dvosharovi,/catalog/stakani-dvosharovi,з категорії
stakani-black-double-270-ml,Стакани black Double 270 мл,Стакани black Double 270 мл,stakany-dvosharovi,/catalog/stakani-dvosharovi,з категорії
stakani-black-double-340-ml,Стакани black Double 340 мл,Стакани black Double 340 мл,stakany-dvosharovi,/catalog/stakani-dvosharovi,з категорії
stakani-black-double-440-ml,Стакани black Double 440 мл,Стакани black Double 440 мл,stakany-dvosharovi,/catalog/stakani-dvosharovi,з категорії
supnik-bumazhnyj-470-ml-dlya-supa-i-vtoryh-blyud-s-rr-kryshkoj,"Супник паперовий 470 мл / 110 мм 1РЕ, чорний-крафт",Супник бумажный 470 мл для супа и вторых блюд с РР крышкой,supnyky,/catalog/supnik,з категорії
supnik-bumazhnyj-470-ml-dlya-supa-i-vtoryh-blyud-s-rr-kryshkoj-kraft-belyj,"Супник паперовий 470 мл / 110 мм 2РЕ, білий","Супник бумажный 470 мл для супа и вторых блюд с РР крышкой, белый",supnyky,/catalog/supnik,з категорії
supnik-kraft-240-ml-z-pr-krishkoyu,"Супник KRAFT 240 мл, Ø 91 мм (25/750)","Супник KRAFT 240 мл, Ø 91 мм (25/750)",,/catalog/stolovij-posud,була група stolovij-posud
supnik-kraft-360-ml-s-pet-kryshkoj,"Супник KRAFT 360 мл, Ø 91 мм (25/750)","Супник KRAFT 360 мл, Ø 91 мм (25/750)",,/catalog/stolovij-posud,була група stolovij-posud
supnik-kraft-480-ml-z-plastikovoyu-krishkoyu,"Супник KRAFT 480 мл, Ø 97 мм (25/600)","Супник KRAFT 480 мл, Ø 97 мм (25/600)",supnyky,/catalog/supnik,з категорії
supnik-kraft-600-ml-z-plastikovoyu-krishkoyu,"Супник KRAFT 600 мл, Ø 115 мм 25 / (450 | 550)","Супник KRAFT 600 мл, Ø 115 мм 25 / (450 | 550)",supnyky,/catalog/supnik,з категорії
supnik-kraft-750-ml-z-pet-krishkoyu,"Супник KRAFT 750 мл, Ø 115 мм (25/450)","Супник KRAFT 750 мл, Ø 115 мм (25/450)",supnyky,/catalog/supnik,з категорії
supnik-paperovij-470-ml-z-rr-krishkoyu-bilij,"Супник паперовий 470 мл / 110 мм 1РЕ, крафт","Супник бумажный 470 мл для супа и вторых блюд с РР крышкой, крафт",supnyky,/catalog/supnik,з категорії
supnik-paperovij-470-ml-z-rr-krishkoyu-kraft-bilij,"Супник паперовий 470 мл / 110 мм 2РЕ, крафт-білий","Супник бумажный 470 мл для супа и вторых блюд с РР крышкой, крафт-белый",supnyky,/catalog/supnik,з категорії
tarilka-kraft-krugla-18-sm-z-laminatsieyu,Тарілка KRAFT кругла 18 см з ламінацією,Тарелка KRAFT круглая 18 см с ламинацией,tarilky-ta-sousnyky,/catalog/tarilka-pryamokutna,з категорії
tarilka-kraft-krugla-23-sm-z-laminatsieyu,Тарілка KRAFT кругла 23 см з ламінацією,Тарелка KRAFT круглая 23 см с ламинацией,tarilky-ta-sousnyky,/catalog/tarilka-pryamokutna,з категорії
tarilka-kraft-pryamokutna-1217-z-laminatsieyu,Тарілка KRAFT прямокутна 12*17 з ламинацією,Тарелка KRAFT прямоугольная 12*17 с ламинацией,tarilky-ta-sousnyky,/catalog/tarilka-pryamokutna,з категорії
tarilka-kraft-pryamokutna-1522-z-laminatsieyu,Тарілка KRAFT прямокутна 15*22 з ламинацією,Тарелка KRAFT прямоугольная 15*22 с ламинацией,tarilky-ta-sousnyky,/catalog/tarilka-pryamokutna,з категорії
termochohol-gofra-stakan-210---340-ml,Термочохол гофра (стакан 210 - 340 мл),Термочехол гофра (стакан 210 - 340 мл),termochokhly,/catalog/termochohli,з категорії
termochohol-gofra-stakan-350---500-ml,Термочохол гофра (стакан 350 - 500 мл),Термочeхол гофра (стакан 350 - 500 мл),termochokhly,/catalog/termochohli,з категорії
termopaket-folgovanij-350260-mm-20-mkm-100-shtup,"Термопакет фольгований 350*260 мм, 20 мкм, 100 шт/уп","Термопакет фольгированный 350*260 мм, 20 мкм, 100 шт/уп",,/all-products,зі списку всіх товарів
trimach-dlya-2-h-stakaniv,Тримач для 2-х стаканів,Держатель для 2-х стаканов,stakany-paperovi,/catalog/stakani-paperovi,з категорії
trimach-dlya-4-h-stakaniv,Тримач для 4-х стаканів,Держатель для 4-х стаканов,trymachi-dlya-stakaniv,/catalog/trimachi,з категорії
trubochka-paperova-197sm-50-shtd6-mm-biryuzova,"Трубочка паперова 19,7см 50 шт.d=6 мм БІРЮЗОВА","Трубочка бумажная 19,7см 50 шт.d=6 мм БИРЮЗОВАЯ",,/catalog/suputni-tovari,була група suputni-tovari
trubochka-paperova-197sm-50-shtd6-mm-blakitna,"Трубочка паперова 19,7см 50 шт.d=6 мм БЛАКИТНА","Трубочка бумажная 19,7см 50 шт. d=6 мм ГОЛУБАЯ",,/catalog/suputni-tovari,була група suputni-tovari
trubochka-paperova-197sm-50-shtd6-mm-chervona,"Трубочка паперова 19,7см 50 шт.d=6 мм ЧЕРВОНА","Трубочка бумажная 19,7см 50 шт.d=6 мм КРАСНАЯ",trubochky-paperovi,/catalog/trubochki-paperovi,з категорії
trubochka-paperova-197sm-50-shtd6-mm-chorna,"Трубочка паперова 19,7см 50 шт.d=6 мм ЧОРНО-БІЛА","Трубочка бумажная 19,7см 50 шт.d=6 мм ЧЕРНАЯ",,/catalog/suputni-tovari,була група suputni-tovari
trubochka-paperova-197sm-50-shtd6-mm-kraft,"Трубочка паперова 19,7см 50 шт.d=6 мм KRAFT","Трубочка бумажная 19,7см 50 шт.d=6 мм KRAFT",,/catalog/suputni-tovari,була група suputni-tovari
trubochka-paperova-197sm-50-shtd6-mm-salatova,"Трубочка паперова 19,7см 50 шт.d=6 мм САЛАТОВА","Трубочка бумажная 19,7см 50 шт.d=6 мм САЛАТОВАЯ",,/catalog/suputni-tovari,була група suputni-tovari
trubochka-paperova-197sm-50-shtd6-mm-zelena,"Трубочка паперова 19,7см 50 шт.d=6 мм ЗЕЛЕНА","Трубочка бумажная 19,7см 50 шт.d=6 мм ЗЕЛЕНАЯ",,/catalog/suputni-tovari,була група suputni-tovari
trubochka-polimerna-48-mm21-sm-v-paperovij-indupakovtsi-miks,"Трубочка полімерна 7,0мм/21 см, в ПАПЕРОВІЙ інд.упаковці, МІКС","Трубочка полимерная 4,8 мм/21 см, в БУМАЖНОЙ инд.упаковке, МИКС",trubochky-polimerni,/catalog/trubochki-polimerni,з категорії
trubochka-polimerna-gofrovana-5mm21sm-kolorova,"Трубочка полімерна гофрована 5мм/21см, кольорова","Трубочка полимерная гофрированная 5мм/21см, цветная",trubochky-polimerni,/catalog/trubochki-polimerni,з категорії
trubochka-polimernaya-70-mm21-sm-indupakovka-prozrachnaya,"Трубочка полімерна 7,0 мм/21 см, в ПАПЕРОВІЙ інд.упаковці, ПРОЗОРА","Трубочка полимерная 7,0 мм/21 см, инд.упаковка, ПРОЗРАЧНАЯ",trubochky-polimerni,/catalog/trubochki-polimerni,з категорії
trubochka-polimernaya-70mm21-sm-v-bumazhnoj-indupakovke-chernaya,"Трубочка полімерна 7,0мм/21 см, в ПАПЕРОВІЙ інд.упаковці, ЧОРНА","Трубочка полимерная 7,0мм/21 см, в БУМАЖНОЙ инд.упаковке, ЧЕРНАЯ",trubochky-polimerni,/catalog/trubochki-polimerni,з категорії
trubochka-polimernaya-gofrirovannaya-21sm-d48-mm-v-bumazhnoj-ind-upakovke-chernaya,"Трубочка полімерна гофрована 21см, d=4,8 мм, в ПАПЕРОВІЙ інд. упаковці, ЧОРНА","Трубочка полимерная гофрированная 21см, d=4,8 мм, в БУМАЖНОЙ инд. упаковке, ЧЕРНАЯ",,/all-products,зі списку всіх товарів
trubochka-polimernaya-gofrirovannaya-5mm21sm-chernaya,"Трубочка полімерна гофрована 5мм/21см, чорна","Трубочка полимерная гофрированная 5мм/21см, черная",trubochky-polimerni,/catalog/trubochki-polimerni,з категорії
trubochki-fresh-8mm24sm-miks,"Трубочки фреш 8мм/24см, мікс","Трубочки фреш 8 мм/24см, микс",trubochky-polimerni,/catalog/trubochki-polimerni,з категорії
tsukor-v-stikah-kraft,Цукор в стіках KRAFT,Сахар в стиках KRAFT,,/catalog/suputni-tovari,була група suputni-tovari
upakovka-dlya-burgera-kraft-11511570,Упаковка для бургеру KRAFT 115*115*90,Упаковка для бургера KRAFT 115*115*70,,/catalog/upakovka-dlya-fast-fudu,була група upakovka-dlya-fast-fudu
upakovka-dlya-burgera-kraft-949470,Упаковка для бургеру KRAFT 94*94*70,Упаковка для бургера KRAFT 94*94*70,,/catalog/upakovka-dlya-fast-fudu,була група upakovka-dlya-fast-fudu
upakovka-dlya-burgeru-11411490-chorna,Упаковка для бургеру 114*114*90 чорна,Упаковка для бургера 114*114*90 черная,,/catalog/upakovka-dlya-fast-fudu,була група upakovka-dlya-fast-fudu
upakovka-dlya-burgeru-kraft-11411490,Упаковка для бургеру KRAFT 114*114*90,Упаковка для бургера KRAFT 114*114*90,,/catalog/upakovka-dlya-fast-fudu,була група upakovka-dlya-fast-fudu
upakovka-dlya-burgeru-kraft-11711770,Упаковка для бургеру KRAFT 117*117*70,Упаковка для бургера KRAFT 117*117*70,,/catalog/upakovka-dlya-fast-fudu,була група upakovka-dlya-fast-fudu
upakovka-dlya-burgeru-kraft-11811886-mm-80480,"Упаковка для бургеру KRAFT 118*118*86 мм, 90/540",Упаковка для бургера KRAFT 118*118*86,,/catalog/upakovka-dlya-fast-fudu,була група upakovka-dlya-fast-fudu
upakovka-dlya-burgeru-kraft-120120100-re,"Упаковка для бургеру KRAFT 120*120*110 мм, 1РЕ",Упаковка для бургера KRAFT 120*120*100 +РЕ,,/catalog/upakovka-dlya-fast-fudu,була група upakovka-dlya-fast-fudu
upakovka-dlya-burgeru-kraft-12012070-serednya,"Упаковка для бургеру KRAFT 120*120*110 мм, 1РЕ",Упаковка для бургера KRAFT 120*120*70 +РЕ,,/catalog/upakovka-dlya-fast-fudu,була група upakovka-dlya-fast-fudu
upakovka-dlya-burgeru-kraft-1301230100,Упаковка для бургеру KRAFT 130*130*100,Упаковка для бургера KRAFT 130*130*100,,/catalog/upakovka-dlya-fast-fudu,була група upakovka-dlya-fast-fudu
upakovka-dlya-burgeru-kraft-959575,"Упаковка для бургеру KRAFT 95*95*75 мм, 100/600",Упаковка для бургера KRAFT 95*95*75,,/catalog/upakovka-dlya-fast-fudu,була група upakovka-dlya-fast-fudu
upakovka-dlya-gamburgera-kraft-11511570-chernaya,Упаковка для бургеру 115*115*90 чорна,Упаковка для бургера 115*115*70 черная,,/catalog/upakovka-dlya-fast-fudu,була група upakovka-dlya-fast-fudu
upakovka-dlya-gamburgeru-kraft-11811886-chorna,Упаковка для бургеру 118*118*86 чорна,Упаковка для бургера 118*118*86 черная,,/catalog/upakovka-dlya-fast-fudu,була група upakovka-dlya-fast-fudu
upakovka-dlya-gamburgeru-kraft-140140120,"Упаковка для бургеру KRAFT 140*140*120 мм, 1РЕ",Упаковка для бургера KRAFT 140*140*120 +РЕ,,/,з головної
upakovka-dlya-kartopli-fri-kraft-big,Упаковка для картоплі фрі KRAFT велика,Упаковка для картошки фри KRAFT большая,,/catalog/upakovka-dlya-fast-fudu,була група upakovka-dlya-fast-fudu
upakovka-dlya-kartopli-fri-kraft-mala,Упаковка для картоплі фрі KRAFT мала,Упаковка для картошки фри KRAFT маленькая,,/catalog/upakovka-dlya-fast-fudu,була група upakovka-dlya-fast-fudu
upakovka-dlya-kartopli-fri-kraft-serednya,Упаковка для картоплі фрі KRAFT середня,Упаковка для картошки фри KRAFT середняя,,/catalog/upakovka-dlya-fast-fudu,була група upakovka-dlya-fast-fudu
upakovka-dlya-roliv-bila-20010050-1re,Упаковка для ролів БІЛА 200*100*50 1РЕ,Упаковка для суші БІЛА 200*100*50 1РЕ,,/,з головної
upakovka-dlya-rolov-belaya-20010060-1re,Упаковка для ролів БІЛА 200*100*60 1РЕ,Упаковка для ролов БЕЛАЯ 200*100*60 1РЕ,,/,з головної
upakovka-dlya-sushi-10010050-1re,Упаковка для суші 100*100*50 1РЕ,Упаковка для суши 100*100*50 1РЕ,upakovka-dlya-sushi-ta-vok,/catalog/korobka-dlya-sushi-shidnoi-kuhni,з категорії
upakovka-dlya-sushi-10010070-1re,Упаковка для суші 100*100*70 1РЕ,Упаковка для суши 100*100*70 1РЕ,upakovka-dlya-sushi-ta-vok,/catalog/korobka-dlya-sushi-shidnoi-kuhni,з категорії
upakovka-dlya-sushi-17010050-1re,Упаковка для суші 170*100*50 1РЕ,Упаковка для суши 170*100*50 1РЕ,upakovka-dlya-sushi-ta-vok,/catalog/korobka-dlya-sushi-shidnoi-kuhni,з категорії
upakovka-dlya-sushi-17013055-1re,Упаковка для суші 170*130*55 1РЕ,Упаковка для суши 170*130*55 1РЕ,upakovka-dlya-sushi-ta-vok,/catalog/korobka-dlya-sushi-shidnoi-kuhni,з категорії
upakovka-dlya-sushi-20010050-1re,Упаковка для суші 200*100*50 1РЕ,Упаковка для суши 200*100*50 1РЕ,upakovka-dlya-sushi-ta-vok,/catalog/korobka-dlya-sushi-shidnoi-kuhni,з категорії
upakovka-dlya-sushi-20010080-1re,Упаковка для суші 200*100*80 1РЕ,Упаковка для суши 200*100*80 1РЕ,,/all-products/page-13,зі списку всіх товарів
upakovka-dlya-sushi-20014050-1re,Упаковка для суші 200*140*50 1РЕ,Упаковка для суши 200*140*50 1РЕ,upakovka-dlya-sushi-ta-vok,/catalog/korobka-dlya-sushi-shidnoi-kuhni,з категорії
upakovka-dlya-sushi-23015060-1re,Упаковка для суші 230*150*60 1РЕ,Упаковка для суши 230*150*60 1РЕ,,/all-products/page-13,зі списку всіх товарів
upakovka-dlya-sushi-25020050-1re,Упаковка для суші 250*200*50 1РЕ,Упаковка для суши 250*200*50 1РЕ,upakovka-dlya-sushi-ta-vok,/catalog/korobka-dlya-sushi-shidnoi-kuhni,з категорії
upakovka-dlya-sushi-25025050-1re,Упаковка для суші 250*250*50 1РЕ,Упаковка для суши 250*250*50 1РЕ,upakovka-dlya-sushi-ta-vok,/catalog/korobka-dlya-sushi-shidnoi-kuhni,з категорії
upakovka-dlya-sushi-30014050re,Упаковка для суші 300*140*50РЕ,Упаковка для суши 300*140*50 1РЕ,,/all-products/page-13,зі списку всіх товарів
upakovka-dlya-sushi-belaya-25020055-1re,Упаковка для суши БІЛА 250*200*55 1РЕ,Упаковка для суши БЕЛАЯ 250*200*55 1РЕ,,/catalog/upakovka-dlya-fast-fudu,була група upakovka-dlya-fast-fudu
videlka-stolova-ps-180-mm-chorna-50-shtup,"Виделка столова PS 180 мм, чорна 50 шт/уп","Вилка столовая PS 180 мм, черная 50 шт/уп",,/all-products,зі списку всіх товарів
vilka-stolovaya-ps-180-mm-chernaya-v-individualnoj-upakovke-200-shtup,"Виделка столова PS 180 мм чорна в індивідуальній упаковці, (200 шт/уп)","Вилка столовая PS 180 мм черная в индивидуальной упаковке, (200 шт/уп)",,/,з головної
